Reason for Termination,Variation thresholding satisfied
Metric,q1,q21,q31,q4,q5
Desired Position,0.415,0.853,1.49
Actual Position,0.372227900955953,1.034030703819751,1.5391869170654693,0.5105510363728031,1.6681479200475504
Position Error,0.10306529890131806,0.21222825770193546,0.03301135373521429
Actual Torque,11.534208192927078,-67.53060054279534,-15.083535621511674
