Reason for Termination,Variation thresholding satisfied
Metric,q1,q21,q31,q4,q5
Desired Position,-0.584,0.36,2.22
Actual Position,-0.5867395274222271,0.35250200656748326,2.2396696746070366,1.0777842519866991,1.3754609232740709
Position Error,0.0046909716134026745,0.020827759534768682,0.00886021378695333
Actual Torque,-7.1186589177309285,6.450577615455302,10.195422855431465
