Reason for Termination,Variation thresholding satisfied
Metric,q1,q21,q31,q4,q5
Desired Position,-0.00204,0.763,1.69
Actual Position,-0.002215394122252254,0.775589929990058,1.6952722623439052,0.9994485567114431,1.3790973568166154
Position Error,0.08597751090796767,0.01650056355184539,0.0031196818602989406
Actual Torque,0.016248613037192692,-5.3796787189558355,-0.31825336750589434
