Reason for Termination,Variation thresholding satisfied
Metric,q1,q21,q31,q4,q5
Desired Position,0.165,0.717,2.65
Actual Position,0.16728648093367715,0.7238622035008777,2.6440721835000973,0.8173852154782558,1.6369044535485537
Position Error,0.013857460204103896,0.009570716179745802,0.002236911886755696
Actual Torque,-5.987761848657097,-0.2705031249787271,10.310984221084555
