Position,q1,q21,q31,q4,q5,t1,t2,t3,,
0,-0.072483524,0.255586016,2.043710741,1.534318945,1.773778119,-0.1978,-3.085,3.79,,1
1,0.476823952,0.608072711,2.217615348,1.259778654,1.717054918,-0.306,-6.376,5.205,,2
2,0.817163156,0.8979719,2.287777584,1.038470905,1.806415776,-0.56,-7.17,4.7,,3
3,0.060213859,0.546986188,2.39319547,0.98209677,1.687733387,-1.17,-5.28,5.68,,4
4,0.533372619,0.472111563,2.686061719,1.072504825,1.94866011,-0.34,-5.42,6.36,,7
5,-0.197571271,-0.064926248,2.617470279,1.115614458,1.894903969,0.234,-0.82,6.77,,6
