Reason for Termination,Variation thresholding satisfied
Metric,q1,q21,q31,q4,q5
Desired Position,-0.303,0.566,2.17
Actual Position,-0.2972560574881395,0.5636987532817624,2.1716275691044493,1.1384774743384125,1.4401097033036148
Position Error,0.018956905979737624,0.004065806922681103,0.000750031845368382
Actual Torque,-5.728428548071298,1.6124738057278463,9.05855450014618
