Activity,RBicepsBr_Nominal,RBicepsBr_Personalised,RLatTriceps_Nominal,RLatTriceps_Personalised,RAntDeltoid_Nominal,RAntDeltoid_Personalised,RPostDeltoid_Nominal,RPostDeltoid_Personalised,RLatDorsi_Nominal,RLatDorsi_Personalised,RPectMajor_Nominal,RPectMajor_Personalised
FR,-2.4369750151088,0.666208376055031,-14.7783863391345,-2.57551620636377,1.19615108034455,0.729983415410185,5.83625332017654,-0.179213767847797,21.7589487146451,0.357976003514882,0.59396049348587,-0.221223819864452
LR,-0.99950905210134,0.922361778636967,-16.9587330286962,-6.61921156346631,0.55779932634758,0.508175621351262,6.98297476773126,-0.149694981297737,25.7106828577907,1.25163578040515,0.83833607019866,0.09298841211991
drink,-2.11511593191433,-3.12171772912865,-27.1735702334507,-16.8742360626925,-0.72963665771004,-0.450734404320799,6.10401722223096,0.415893731827513,15.2164707987958,0.993784322700058,1.24011925927256,-0.31416293967431
scoop,-4.93914287649717,1.08660632806597,-23.1832841588398,-11.546214550514,-0.595482769861025,-0.0388263884926772,3.95528943611249,0.603099628497063,24.3476065265376,1.95306338095589,0.693521042016764,-0.0402245487016463
