Activity,RBicepsBr_Nominal,RBicepsBr_Personalised,RLatTriceps_Nominal,RLatTriceps_Personalised,RAntDeltoid_Nominal,RAntDeltoid_Personalised,RPostDeltoid_Nominal,RPostDeltoid_Personalised,RLatDorsi_Nominal,RLatDorsi_Personalised,RPectMajor_Nominal,RPectMajor_Personalised
FR,-15.5517578125,-17.67578125,-13.0615234375,-0.78125,0.9765625,0.146484375,-24.1943359375,-1.26953125,-40.91796875,-11.9140625,2.392578125,2.1484375
LR,-2.197265625,-13.76953125,-15.2587890625,-3.466796875,0.9765625,-0.29296875,-18.9208984375,-9.423828125,-51.7822265625,-22.16796875,0.1953125,-9.9609375
drink,-23.095703125,-18.359375,-13.37890625,-6.8359375,-0.927734375,-1.708984375,-41.845703125,-11.083984375,-66.455078125,-26.953125,6.689453125,-4.19921875
scoop,-9.9853515625,-18.359375,-16.064453125,-2.6123046875,-2.1484375,-2.3681640625,-26.7822265625,-8.8623046875,-45.1416015625,-20.2392578125,1.416015625,-3.1494140625
