Reason for Termination,Variation thresholding satisfied
Metric,q1,q21,q31,q4,q5
Desired Position,0.1,0.85,2.57
Actual Position,0.1554549728492193,0.7584670550133467,2.5405248608007818,0.7801961524689136,1.625661800984553
Position Error,0.554549728492193,0.10768581763135684,0.011468925758450611
Actual Torque,-25.047947892054413,33.751097867204415,19.21548807928666
